{
    "epochs": [
        0,
        1,
        2,
        3,
        4,
        5,
        6,
        7,
        8,
        9,
        10,
        11,
        12,
        13,
        14,
        15,
        16,
        17,
        18,
        19,
        20,
        21,
        22,
        23,
        24,
        25,
        26,
        27,
        28,
        29,
        30,
        31,
        32,
        33,
        34,
        35,
        36,
        37,
        38,
        39,
        40,
        41,
        42,
        43,
        44,
        45,
        46,
        47
    ],
    "losess": [
        2.7891440413408777,
        2.174363341962381,
        2.0746199758029316,
        1.3319189738199486,
        1.1049425194116393,
        0.8361517070931214,
        0.7902546145724091,
        0.6556657837689729,
        0.627529877256128,
        0.5243767892185414,
        0.6796871931474708,
        0.4623222975959419,
        0.660753069804694,
        0.4644211959029742,
        0.5360201436755472,
        0.4691539057704512,
        0.5050746703525115,
        0.4436232325708721,
        0.5165702316827169,
        0.40543865746818697,
        0.40823570839638723,
        0.4203532943619525,
        0.39280099081244113,
        0.4384473850696466,
        0.42448557895193734,
        0.3724215666352814,
        0.3773782868173193,
        0.3315468463389815,
        0.34785582603213167,
        0.3676732791055099,
        0.3272552968670649,
        0.32155031158518993,
        0.403675145688502,
        0.2991554825384118,
        0.4679072669437516,
        0.30885368374421274,
        0.3265328880598501,
        0.3028345870550716,
        0.3029453806567154,
        0.29766016283513097,
        0.3140336519546723,
        0.3028907148601866,
        0.2985024055915807,
        0.33120436547847276,
        0.4345427170870802,
        0.27818381787029817,
        0.3576051793263008,
        0.3021837584170364
    ],
    "best_val": 0.2708129687555905,
    "best_test": 0.27818381787029817,
    "best_epoch": 45
}